{
    "model_name": "Random Forest Baseline",
    "training_datetime": "2026-07-18 16:42:26",
    "dataset_used": "Lending Club Preprocessed Splits",
    "training_time_seconds": 12.459822416305542,
    "metrics": {
        "accuracy": 0.7651,
        "precision": 0.4905833716123105,
        "recall": 0.22933218810392958,
        "f1_score": 0.3125548726953468,
        "roc_auc": 0.6972931373524713
    },
    "confusion_matrix": {
        "tn": 14234,
        "fp": 1109,
        "fn": 3589,
        "tp": 1068
    }
}