{
    "model": "logistic_regression",
    "dataset": "validation_retrained",
    "training_datetime": "2026-07-20 09:25:39",
    "training_time_seconds": 3.6437795162200928,
    "metrics": {
        "accuracy": 0.66075,
        "precision": 0.36524822695035464,
        "recall": 0.6192828000858922,
        "f1_score": 0.45949175495897393,
        "roc_auc": 0.7057357426909577
    },
    "confusion_matrix": {
        "tn": 10331,
        "fp": 5012,
        "fn": 1773,
        "tp": 2884
    }
}