{
    "model_name": "XGBoost Baseline",
    "algorithm": "XGBClassifier",
    "training_datetime": "2026-07-18 16:52:52",
    "dataset_used": "Lending Club Preprocessed Splits",
    "training_time_seconds": 7.180715560913086,
    "scale_pos_weight": 5.05647891658972,
    "metrics": {
        "accuracy": 0.65965,
        "precision": 0.3656585853536616,
        "recall": 0.6283014816405411,
        "f1_score": 0.46227980093214316,
        "roc_auc": 0.7059027420945182
    },
    "confusion_matrix": {
        "tn": 10267,
        "fp": 5076,
        "fn": 1731,
        "tp": 2926
    }
}